001	MM6hSrBswLw	final-countdown	The Final Countdown | First Study this Sabbath at 5:30PM PST TIME
002	GKACfNq8pzI	final-countdown	End-Time Events Timeline: The Beginning of the End | The Final Countdown | Study 1
003	lCemukTjFLI	final-countdown	Who is The Beast of Revelation 13? The Final Countdown | Study 2
004	N02f3Q_s3k0	final-countdown	Revealing The Mark of The Beast | The Final Countdown | Study 3
005	edeqORbpP4U	final-countdown	Be Ready For Their Next Move | The Final Countdown | Study 4
006	2IGhCfmQ7es	final-countdown	Surviving Without Buying or Selling: How Much Land Do You Really Need? The Final Countdown | Study 5
007	qEcUqvSA4IM	final-countdown	The Man Who Survived the End of the World - The Final Countdown | Study 6
008	Z15EQLo47_Q	final-countdown	The SECRET to SKIPPING Death REVEALED! | The Final Countdown | Study 7
009	mNK6dveg04M	final-countdown	Fear What's Coming? | The Final Countdown | Study 8
010	RugAcpsC-X8	final-countdown	How to Survive What’s Coming  | The Final Countdown | Study 9
011	_CXEu_Wj0J8	final-countdown	I Investigated Ellen G. White’s ‘Country Living’ Book…  | The Final Countdown | Study 10
012	WVvAEl9MQHg	final-countdown	You must watch this before Sunday Law ! The Final Countdown | Study 11
013	n5QKaA6tFd0	final-countdown	What Happens Next Will Shock You | The Final Countdown | Study 12
014	xhA3ugP6V6c	final-countdown	Connecting the Dots - Sunday Law is Already Here! Final Countdown | Study 13
015	CO8uGREfKPU	final-countdown	Are you the 1 in 20 ? Final Countdown | Study 14
016	iqS2RMlfOwQ	final-countdown	The Judgment has Already Started and No One Noticed | Final Countdown | Study 15
017	ghu0boy8v6A	final-countdown	The Final Warning Has Begun — Are You Ready for the Close of Probation? | Study 16
018	1S3tnXYuxh0	final-countdown	144,000 Who Are They? | Final Countdown | Study 17
019	7ohemwgQWT8	final-countdown	Adventists Are Not Christians | Final Countdown | Study 18
020	7ZwL8wRC5Q0	final-countdown	No Buy. No Sell. No Escape. | Final Countdown | Study 19
021	XWO-eb_paiE	final-countdown	Alert! - Now's Your Chance to Prepare! | Final Countdown | Study 20
022	ckTC0J-UMOM	final-countdown	Country Living Q&A Live | Ask Me Anything About Off Grid and Rural Prep | Final Countdown| Study 21
023	mSNhUvarACo	final-countdown	Country Living Q&A Part 2 Your Questions Answered | Final Countdown| Study 22
024	oJqPmvMGPcI	final-countdown	When the World Turns on God’s People: Bible Prophecy Explained! | Final Countdown
025	98tZMSrIa2Q	final-countdown	Are you Ready? The Loud Cry of the Third Angel | Final Countdown | Study 23
026	wBs0Ukh99KA	final-countdown	The 3 Stages of the Tribulation (Bible Explanation)  Final Countdown | Study 24
027	35N89QKDXzo	final-countdown	The Last Warning | Final Countdown | Study 25
028	TM8c7PDVIDY	final-countdown	The Straight Testimony Most Aren’t Ready For | Amazing Discoveries
029	KLIuyWPRoLY	judgment-day	Our 10 Week Bible Study starts today! | Week 1
030	ASbIDWBhiTo	judgment-day	Live! AD Ten Week Judgment Day Bible Study | Week 1
031	9XN_XN6vAsg	judgment-day	Live! Ten Week Judgment Day Bible Study | Full Episode 1
032	4PeW6At8QZY	judgment-day	AD Judgment Day Bible Study | Week 2
033	U5suifVez0w	judgment-day	Live! When is the Time of the End? Judgment Day Bible Study | Week 2
034	T4P7Q2OEzuk	judgment-day	Live! AD Judgment Day Bible Study - When is the Time of the End? | Week 2
035	jRfyvp7YM-g	judgment-day	AD Judgment Day Bible Study | Week 3
036	0W7XvS3X92U	judgment-day	Live! The First Angels' Message | Judgment Day Bible Study | Week 3
037	OekcHbMnU3g	judgment-day	Live! The First Angels Message | Judgment Day Bible Study | Week 3
038	Le6TMhsrtK8	judgment-day	Live! The Turk In The Bible | Judgment Day Bible Study | Week 4
039	tLfHxfwlXek	judgment-day	The Turk In The Bible | Judgment Day Bible Study | Week 4
040	Cq2LaOZFBK8	judgment-day	Live! Decoding the 1843 CHART | Judgment Day Bible Study | Week 5
041	V4XMOYEEWWI	judgment-day	Decoding the 1843 CHART | Judgment Day Bible Study | Week 5
042	k23zV2dVPno	judgment-day	Live! The Fallen Daughters of Babylon | Judgment Day Bible Study | Week 6
043	tR0ODDhruXs	judgment-day	The Fallen Daughters of Babylon | Judgment Day Bible Study | Week 6
044	RjOZvbtR6Y0	judgment-day	Do You Know  What is The TRUE Midnight Cry? | Amazing Discoveries Short
045	p2Q7wdoPaEM	judgment-day	Did You Know There is a False and TRUE Midnight Cry?
046	eJnGryS8T44	judgment-day	Live! The TRUE Midnight Cry  | Judgment Day Bible Study | Week 7
047	j98FODWVhaI	judgment-day	October 22, Real or Mythical? | Judgment Day Bible Study | Week 8
048	Fo4QdMU24C0	judgment-day	A Chart from God
049	tXjaahaEOCk	judgment-day	Vision of a Prophetic Chart
050	pEtRRYSsBcg	judgment-day	Live! Ellen White's Prophetic Charts | Judgment Day Bible Study | Week 9
051	TAie09_lhAs	judgment-day	Live! Books of a New Order | Judgment Day Bible Study | Week 10
052	0Xo9-4oE3C4	judgment-day	The Shaking | JD Study Week 11
053	rbtMdIojvvg	judgment-day	Live! The Shaking is Here  | Judgment Day Bible Study | Week 11
054	j6b9T-CY3Us	judgment-day	What are the 4 Winds and the Day of Slaughter?  | JD Study Week 12
055	xvVQBoWNzEg	judgment-day	Warning in Testimonies Volume 9 | JD Study Week 13
056	ey7_Y1eKrx0	judgment-day	The Three Angels’ Messages EXPLAINED – What You Need to Know! | JD Study
057	xr0YNdaXMJ0	judgment-day	Live! Has the Judgment of the Living Begun? Part 1 | Judgment Day Bible Study | Week 12
058	yJg42_6zm_U	judgment-day	Live! Has the Judgment of the Living Begun? Part 2 | Judgment Day Bible Study | Week 13
059	FQNmJsqaeS0	judgment-day	The Battle of Armageddon | Final Episode of Judgement Day Series | Friday at 5PM PST
060	veagyplvEpY	judgment-day	Live! The Battle of Armageddon | Judgment Day Bible Study | Week 14
