0	FINAL COUNTDOWNSTRAIGHT TESTIMONYfinalcountdown.amazingdiscoveries.org
6	FINAL COUNTDOWNSTRAIGHT TESTIMONYfinalcountdown.amazingdiscoveries.orgBE SETTLED
12	FINAL COUNTDOWNSTRAIGHT TESTIMONYfinalcountdown.amazingdiscoveries.orgI asked the meaningof the shaking I hadseenEarly Writings270.2
18	FINAL COUNTDOWNSTRAIGHT TESTIMONYfinalcountdown.amazingdiscoveries.orgI asked the meaningof the shaking I hadseen and was shownthat it would becaused by thestraight testimonycalled foEarly Writings270.2
24	FINAL COUNTDOWNSTRAIGHT TESTIMONYfinalcountdown.amazingdiscoveries.orgl asked the meaningof the shaking I hadseen and was shownthat it would becaused by thestraight testimonycalled forth by thecounsel of the TrueWitness to theLaodiceaEarly Writings270.2
30	FINAL COUNTDOWNSTRAIGHT TESTIMONYfinalcountdown.amazingdiscoveries.org
36	FINAL COUNTDOWNSTRAIGHT TESTIMONYfinalcountdown.amazingdiscoveries.orgTHE SHAKING
42	FINAL COUNTDOWNSTRAIGHT TESTIMONYfinalcountdown.amazingdiscoveries.orgWANT TO
48	FINAL COUNTDOWNSTRAIGHT TESTIMONYfinalcountdown.amazingdiscoveries.orgAnd uRevelation 3:14-17
54	FINAL COUNTDOWNSTRAIGHT TESTIMONYfinalcountdown.amazingdiscoveries.orgAnd unto the angel ofthe church of theLaodiceans write;These things saiththe Amen, the faithfuland true witness, tRevelation 3:14-17
60	FINAL COUNTDOWNSTRAIGHT TESTIMONYfinalcountdown.amazingdiscoveries.orgI know thy works,that thou art neithercold nor hotRevelation 3:14-17
66	FINAL COUNTDOWNSTRAIGHT TESTIMONYfinalcountdown.amazingdiscoveries.orgI know thy works,that thou art neithercold nor hot: I wouldthou wert cold or hot.So then becausethou art lukewarm,and neither coldRevelation 3:14-17
72	FINAL COUNTDOWNSTRAIGHT TESTIMONYfinalcountdown.amazingdiscoveries.orgBecause thou sayest,I am rich, andincreasedRevelation 3:14-17
78	FINAL COUNTDOWNSTRAIGHT TESTIMONYfinalcountdown.amazingdiscoveries.orgBecause thou sayest,I am rich, andincreased with goods,and have need ofnothing; and knowestnot that thou artRevelation 3:14-17
84	FINAL COUNTDOWNSTRAIGHT TESTIMONYfinalcountdown.amazingdiscoveries.orgBecause thou sayest,I am rich, andincreased with goods,and have need ofnothing; and knowestnot that thou artwretched, andmiserable, and poor,and blind, and naked:Revelation 3:14-17
90	FINAL COUNTDOWNSTRAIGHT TESTIMONYfinalcountdown.amazingdiscoveries.orgSEE?
96	FINAL COUNTDOWNSTRAIGHT TESTIMONYfinalcountdown.amazingdiscoveries.orgTO HAPPEN
102	FINAL COUNTDOWNSTRAIGHT TESTIMONYfinalcountdown.amazingdiscoveries.orgRICH AND
108	FINAL COUNTDOWNSTRAIGHT TESTIMONYfinalcountdown.amazingdiscoveries.org
114	FINAL COUNTDOWNSTRAIGHT TESTIMONYfinalcountdown.amazingdiscoveries.orgEVENTS.
120	FINAL COUNTDOWNSTRAIGHT TESTIMONYfinalcountdown.amazingdiscoveries.orgOH, THERE'S
126	FINAL COUNTDOWNSTRAIGHT TESTIMONYfinalcountdown.amazingdiscoveries.orgTHE EVENTS
132	FINAL COUNTDOWNSTRAIGHT TESTIMONYfinalcountdown.amazingdiscoveries.orgALL MIXED
138	FINAL COUNTDOWNSTRAIGHT TESTIMONYfinalcountdown.amazingdiscoveries.orgBUT IT'S
144	FINAL COUNTDOWNSTRAIGHT TESTIMONYfinalcountdown.amazingdiscoveries.orgLAID.
150	FINAL COUNTDOWNSTRAIGHT TESTIMONYfinalcountdown.amazingdiscoveries.org
156	FINAL COUNTDOWNSTRAIGHT TESTIMONYfinalcountdown.amazingdiscoveries.orgAND NAKED.
162	FINAL COUNTDOWNSTRAIGHT TESTIMONYfinalcountdown.amazingdiscoveries.orgCONSERVATIVES
168	Watch The FullPresentationADNO 1 IN 20Ep 14AmazingDiscoveriesOfficial
174	THEFINALCOUNTDOWNEND - TIMETIMELINELIVE STUDY SERIESfinalcountdown.amazingdiscoveries.org
