0	Judgment Day5PM PST16MR P.207pon tables, and it wouldcause many to decide for thecruth by the three angelformer being made plait3 Ki BabusProphetic ChartVision!
6	Judgment Day5PM PST16MR P.207cause many to decide for thecruth by the three angesolde, Wild the sweformer being made plaitin BabusProphetic ChartVision!
12	Judgment Day5PM PST16MR P.207se truth must be made plancause many to decide for thecruth by the three angelsformer being made plainProphetic ChartVision!
18	Judgment Day5PM PST1SMR P.2 CNO/ CNU/ 1850) -70BRO &SIS LOVELANDcount to the loveledge ef theProphetic ChartVision!
24	Judgment Day5PM PST15MR P.210.3 CN/ 1, 1850) - 70BAD SSIS, LOVELANDtrees to the kave ledes of theProphetic ChartVision!
30	Judgment Day5PM PST15MR P.210.3 CNOV 1, 1850) - 10BAD SSIS, LOVELANDtree to the kaniedee of theProphetic ChartVision!
36	Judgment Day5PM PSTBAD SSIS, LOVELANDthese to the love leder af theProphetic ChartVision!
42	Judgment Day5PM PST15MR P.210.3 CNOV 1, 18503-70BRO & SIS LOVELANDcres to the love ase af theProphetic ChartVision!
48	Judgment Day5PM PSTBAD SSIS LOVELANDtrate to the kaniedee of theProphetic ChartVision!
54	Judgment Day5PM PST15MR P.2 10.3 CNOV 1, 18503-10BRO & SIS LOVELANDthese to the kave leder of theProphetic ChartVision!
