0	Judgment Day5PM PSTREVELATION 7:1-4What are the4 Winds andDay of Slaughter?
6	Judgment Day5PM PSTREVELATION 7:1-4What are the4 Winds andDay of Slaughter?
12	Judgment Day5PM PSTREVELATION 7:1-4What are the4 Winds andDay of Slaughter?
18	Judgment Day5PM PSTREVELATION 7:1-4What are the4 Winds andDay of Slaughter?
24	Judgment Day5PM PSTREVELATION 7:1-4What are the4 Winds andDay of Slaughter?
30	Judgment Day5PM PSTREVELATION 7:1-4What are the4 Winds andDay of Slaughter?
36	Judgment Day5PM PSTREVELATION 7:1-4What are the4 Winds andDay of Slaughter?
42	Judgment Day5PM PSTREVELATION 7:1-4What are the4 Winds andDay of Slaughter?
48	Judgment Day5PM PSTEZEKIEL 9:1-11What are the4 Winds andDay of Slaughter?
54	Judgment Day5PM PSTEZEKIEL 9:1-11What are the4 Winds andDay of Slaughter?
60	Judgment Day5PM PSTEZEKIEL 9:1-11What are the4 Winds andDay of Slaughter?
66	Judgment Day5PM PSTEZEKIEL 9:1-11What are the4 Winds andDay of Slaughter?
72	Judgment Day5PM PSTEZEKIEL 9:1-11What are the4 Winds andDay of Slaughter?
78	Judgment Day5PM PSTEZEKIEL 9:1-11What are the4 Winds andDay of Slaughter?
84	Judgment Day5PM PSTEZEKIEL 9:1-11What are the4 Winds andDay of Slaughter?
90	Judgment Day5PM PSTEZEKIEL 9:1-11What are the4 Winds andDay of Slaughter?
96	Judgment Day5PM PSTEZEKIEL 9:1-11What are the4 Winds andDay of Slaughter?
