0	Warning inTestinemies volgHas the Judgmentof the living started?
6	Warning inTestimonies valeHas the Judgmentof the living started?
12	Warning inTestimonies valleHas the Judgmentof the living started?
18	Warning inTestimonies walleHas the Judgmentof the living started?
24	Warning inTestimonies wol.gHas the Judgmentof the living started?
30	Warning intestimanies yol.sHas the Judgmentof the living started?
36	anning inTestimonies wall.gHas the Judgmentof the living started?
42	Warning inTestimonies voleHas the Judgmentof the living started?
48	Judgment Day5PM PSTWaNg inTestimonies vol 9Has the Judgmentof the living started?
54	Judgment Day5PM PSTWarring inTestimonies valleHas the Judgmentof the living started?
